WardCode,WardName,crime_2022_23,population_2021,area_km2,pop_density_2021,crime_rate_1000,young_adult_share_2021,unemployment_rate_2021,higher_education_share_2021,non_uk_born_share_2021,lone_parent_household_share_2021,severe_household_deprivation_share_2021
E05009317,Bethnal Green,2480,21229,1.2090601462825936,17558.27,116.82,42.79,7.12,44.7,41.56,13.35,26.5
E05009318,Blackwall & Cubitt Town,1568,21834,1.3524806612126612,16143.67,71.81,57.44,6.59,62.72,56.55,7.66,13.71
E05009319,Bow East,1984,19530,1.8682943719769525,10453.38,101.59,50.32,6.72,54.3,36.07,11.58,20.99
E05009320,Bow West,1433,13708,1.3584281206754747,10091.07,104.54,44.24,5.18,52.26,35.2,10.47,22.46
E05009321,Bromley North,1131,11429,0.6000273764057884,19047.46,98.96,43.48,8.95,43.15,43.98,13.64,26.67
E05009322,Bromley South,1113,14232,0.6916081247701727,20578.13,78.2,45.63,7.97,44.2,44.89,14.22,24.93
E05009323,Canary Wharf,2189,17920,1.4238305602573007,12585.77,122.15,55.07,5.4,64.0,60.8,7.67,12.87
E05009324,Island Gardens,693,14902,1.0392964285986912,14338.55,46.5,45.3,6.97,55.2,49.09,10.54,17.62
E05009325,Lansbury,1948,21734,1.2688270239252626,17129.21,89.63,41.99,8.0,41.38,45.55,14.94,27.27
E05009326,Limehouse,506,6751,0.39824000135472337,16952.09,74.95,51.59,4.53,62.94,50.53,5.93,14.06
E05009327,Mile End,2049,21795,1.2062017623892163,18069.12,94.01,46.55,7.89,45.76,45.05,12.63,24.7
E05009328,Poplar,902,7956,0.6958280959658918,11433.86,113.37,41.78,9.08,40.56,48.8,14.73,26.65
E05009329,St Dunstan's,1092,14364,0.681398394045967,21080.18,76.02,41.43,8.07,39.35,42.49,13.74,28.84
E05009330,St Katharine's & Wapping,953,12067,1.0624718841139293,11357.48,78.98,49.93,4.5,68.19,46.92,4.96,11.24
E05009331,St Peter's,2842,19970,1.0840402141665793,18421.83,142.31,48.01,6.96,48.2,43.91,9.71,25.22
E05009332,Shadwell,1243,12979,0.6276166654025431,20679.82,95.77,39.85,8.76,37.64,47.07,12.27,30.25
E05009333,Spitalfields & Banglatown,3144,13219,0.9124980294674813,14486.61,237.84,53.16,8.06,51.82,53.43,7.62,22.56
E05009334,Stepney Green,932,12451,0.6569121724894991,18953.83,74.85,39.41,8.1,37.34,45.27,13.39,31.41
E05009335,Weavers,2127,13268,0.6723426207612686,19733.99,160.31,47.48,7.23,52.03,43.55,10.35,23.41
E05009336,Whitechapel,2571,18981,0.9576995585723596,19819.37,135.45,53.93,5.72,53.54,55.07,7.62,17.25
E05009367,Brownswood,850,8988,0.4873395425884806,18442.99,94.57,48.11,5.18,63.05,41.04,11.59,18.16
E05009368,Cazenove,930,15211,0.7370839468532342,20636.73,61.14,35.24,7.07,40.97,35.16,13.07,24.22
E05009369,Clissold,1017,12497,1.0229775561296421,12216.3,81.38,37.81,5.45,61.59,33.9,14.34,17.89
E05009370,Dalston,2021,9012,0.5313399331247325,16960.89,224.26,53.67,5.83,65.65,42.56,10.93,16.18
E05009371,De Beauvoir,910,9025,0.5928359288582155,15223.44,100.83,44.39,5.63,62.26,40.82,13.57,17.76
E05009372,Hackney Central,1892,12892,0.7774135200593882,16583.2,146.76,41.79,7.38,52.69,40.86,16.38,24.43
E05009373,Hackney Downs,1302,12997,1.017586877242768,12772.37,100.18,41.43,7.12,53.92,38.71,14.47,24.36
E05009374,Hackney Wick,1588,12357,1.6324310979444254,7569.69,128.51,38.74,9.24,46.27,34.67,21.17,27.45
E05009375,Haggerston,1585,14436,0.870846327781334,16576.98,109.79,46.74,6.76,55.07,45.24,15.12,23.29
E05009376,Homerton,2112,13201,0.8022798361317772,16454.36,159.99,39.17,8.18,47.99,40.91,19.77,25.64
E05009377,Hoxton East & Shoreditch,3919,12089,1.0193126280943592,11859.95,324.18,51.74,5.94,58.56,51.38,13.86,17.97
E05009378,Hoxton West,1769,13803,0.6511068082595074,21199.29,128.16,49.05,6.04,56.66,51.02,13.93,19.31
E05009379,King's Park,1127,13283,1.9051518213937164,6972.15,84.85,34.23,7.94,46.9,38.94,22.07,26.73
E05009380,Lea Bridge,1516,14453,1.0612045832407826,13619.43,104.89,39.78,7.49,54.28,36.64,14.71,23.33
E05009381,London Fields,1720,12309,1.0234414137241408,12027.07,139.74,41.71,6.92,56.55,39.84,14.67,23.03
E05009382,Shacklewell,784,8770,0.43883172643635465,19984.88,89.4,41.9,7.06,54.46,42.84,18.24,23.21
E05009383,Springfield,1456,15343,1.2068488936953312,12713.27,94.9,29.7,6.79,29.78,33.54,15.94,28.51
E05009384,Stamford Hill West,583,10314,0.683143245191974,15097.86,56.53,29.62,5.26,33.57,30.48,12.42,23.06
E05009385,Stoke Newington,1291,13573,0.9538263518578288,14230.05,95.12,38.72,6.17,59.81,35.59,12.54,20.16
E05009386,Victoria,1332,12232,0.7632060904200317,16027.13,108.89,40.31,6.66,53.74,36.34,16.38,23.25
E05009387,Woodberry Down,1143,12327,0.8690297218141024,14184.79,92.72,40.61,8.24,47.92,46.04,18.87,23.83
E05009388,Abingdon,805,8165,0.6035507229759056,13528.27,98.59,34.01,4.62,67.19,62.36,7.18,11.46
E05009389,Brompton & Hans Town,2892,8125,1.0703787995861285,7590.77,355.94,34.11,5.19,64.17,60.15,6.86,11.68
E05009390,Campden,1468,8459,1.0185399882006694,8305.02,173.54,27.98,5.85,71.3,56.95,8.08,8.1
E05009391,Chelsea Riverside,968,7473,0.5370648321459782,13914.52,129.53,28.34,8.12,52.55,47.17,12.7,23.47
E05009392,Colville,1661,8568,0.49191567939753206,17417.62,193.86,34.11,7.44,54.94,47.62,12.83,23.84
E05009393,Courtfield,1171,8235,0.6190480419218425,13302.68,142.2,40.09,4.96,69.24,64.32,5.19,10.53
E05009394,Dalgarno,898,7005,0.8892437882575416,7877.48,128.19,29.19,8.83,38.32,39.77,21.96,31.73
E05009395,Earl's Court,1244,8943,0.47753306157460346,18727.5,139.1,44.18,6.69,62.44,64.68,6.46,17.93
E05009396,Golborne,1304,8882,0.5594738669807279,15875.63,146.81,35.89,10.74,42.84,46.98,19.6,31.79
E05009397,Holland,754,9259,1.0006943047310302,9252.58,81.43,30.46,7.15,63.4,61.05,9.71,14.7
E05009398,Norland,507,5461,0.5084248810492744,10741.02,92.84,28.96,5.28,65.78,44.19,9.04,13.69
E05009399,Notting Dale,1024,9406,0.5598139487581784,16802.01,108.87,30.68,12.27,40.65,42.7,18.72,34.15
E05009400,Pembridge,843,5355,0.3860630788740444,13870.79,157.42,39.78,5.16,69.5,56.27,5.63,10.8
E05009401,Queen's Gate,1032,7634,0.5743232580035403,13292.17,135.18,37.31,4.11,67.5,66.61,5.62,7.14
E05009402,Redcliffe,742,9179,0.7240960974074577,12676.49,80.84,37.8,4.38,65.18,58.89,6.17,11.57
E05009403,Royal Hospital,1707,8402,0.9140268445735362,9192.29,203.17,25.87,4.56,64.07,53.33,6.79,11.33
E05009404,St. Helen's,636,6284,0.48356446062982467,12995.17,101.21,30.32,6.59,52.89,38.51,11.87,23.59
E05009405,Stanley,1251,8542,0.7259073021212366,11767.34,146.45,31.24,5.56,60.42,51.21,9.1,15.38
E05011095,Borough & Bankside,3481,9331,0.9998141134909816,9332.73,373.06,46.81,5.63,57.21,48.44,9.64,15.35
E05011096,Camberwell Green,1733,15240,0.9220758328098868,16527.92,113.71,38.94,7.91,49.4,45.14,17.86,22.79
E05011097,Champion Hill,645,9449,1.0411790233248686,9075.29,68.26,36.55,5.49,59.44,37.36,16.86,17.69
E05011098,Chaucer,1729,15015,0.7532643521391196,19933.24,115.15,47.03,6.06,54.31,47.47,13.93,18.92
E05011099,Dulwich Hill,541,9706,1.0061966672317986,9646.23,55.74,34.73,5.06,62.56,26.93,11.13,13.86
E05011100,Dulwich Village,714,10088,2.625352818849179,3842.53,70.78,21.4,3.28,71.9,22.63,9.19,7.93
E05011101,Dulwich Wood,612,10285,3.017485011488258,3408.47,59.5,27.77,6.47,57.79,32.25,16.81,16.42
E05011102,Faraday,1247,12478,1.104910658239642,11293.22,99.94,36.14,9.45,44.03,48.3,22.34,24.87
E05011103,Goose Green,1101,13725,1.1556426993625462,11876.51,80.22,39.75,3.98,68.15,26.07,8.97,13.02
E05011104,London Bridge & West Bermondsey,3638,14886,1.1678930894638153,12746.03,244.39,50.7,5.27,61.45,45.38,11.69,16.1
E05011105,Newington,915,13833,0.7870838261601156,17575.0,66.15,38.19,7.97,46.97,42.19,19.44,25.15
E05011106,North Bermondsey,1491,15503,0.9180762174070028,16886.4,96.17,45.91,5.78,58.73,43.15,12.64,17.02
E05011107,North Walworth,2462,15646,0.7919729382947506,19755.73,157.36,49.42,6.58,54.36,49.04,14.26,18.91
E05011108,Nunhead & Queen's Road,1261,15597,1.3124539918931257,11883.85,80.85,40.47,7.22,50.36,34.26,18.09,25.01
E05011109,Old Kent Road,1958,18597,1.6490609803765048,11277.33,105.29,34.82,9.48,42.08,47.97,21.05,27.96
E05011110,Peckham,1189,14754,0.861517731884223,17125.59,80.59,36.74,8.79,45.11,43.96,22.93,26.65
E05011111,Peckham Rye,625,10180,1.89097757449182,5383.46,61.39,32.85,5.58,58.64,25.87,15.25,16.6
E05011112,Rotherhithe,1770,15395,1.4135860870664572,10890.74,114.97,46.78,5.86,57.27,47.05,13.37,18.74
E05011113,Rye Lane,2131,14270,1.267772742867223,11255.96,149.33,40.29,5.61,56.69,33.82,14.57,20.32
E05011114,St George's,1389,8147,0.5733525572383317,14209.41,170.49,49.28,5.77,55.75,45.77,13.99,16.37
E05011115,St Giles,1515,16430,1.1240719225103122,14616.5,92.21,39.67,6.33,54.78,39.27,16.56,19.77
E05011116,South Bermondsey,1461,15930,1.2161737513051158,13098.46,91.71,41.75,7.72,45.72,42.28,16.38,24.14
E05011117,Surrey Docks,967,13140,1.24941064622263,10516.96,73.59,50.61,4.98,65.8,46.01,7.83,12.23
E05011217,Barnehurst,506,11717,2.1270087835361644,5508.67,43.19,25.34,4.76,28.37,15.88,13.72,17.36
E05011218,Belvedere,1422,17561,4.945349483507373,3551.01,80.97,29.42,5.91,33.37,32.7,16.35,19.21
E05011219,Bexleyheath,1782,15908,3.641705395001841,4368.28,112.02,23.2,4.52,31.13,18.16,10.22,15.25
E05011220,Blackfen & Lamorbey,608,16126,2.9049543002842393,5551.21,37.7,24.37,3.51,27.94,12.0,10.64,13.3
E05011221,Blendon & Penhill,606,15573,3.3780223008729413,4610.09,38.91,24.57,3.39,28.13,11.29,10.07,13.36
E05011222,Crayford,1220,15945,5.099309774636993,3126.89,76.51,27.76,4.75,29.41,17.81,13.8,19.41
E05011223,Crook Log,733,15888,2.6617327793909253,5969.04,46.14,25.02,4.28,33.33,19.23,10.83,13.65
E05011224,East Wickham,691,16194,2.8145932550003163,5753.58,42.67,25.21,5.22,29.89,23.51,11.7,17.58
E05011225,Erith,1408,12827,2.4182170944061987,5304.32,109.77,30.19,6.36,35.67,30.14,19.69,21.1
E05011226,Falconwood & Welling,945,16593,3.270714536022233,5073.2,56.95,26.23,4.34,31.22,22.49,11.37,14.18
E05011227,Longlands,323,10032,1.8808352755886844,5333.8,32.2,25.36,4.43,34.27,12.54,9.74,13.96
E05011228,Northumberland Heath,683,11054,1.7131479901059652,6452.45,61.79,24.7,5.82,26.82,17.88,15.66,18.79
E05011229,St Mary's & St James,629,10851,8.751124965700386,1239.95,57.97,22.58,4.46,34.04,12.43,11.01,14.59
E05011230,Sidcup,1083,15725,4.003600876605979,3927.71,68.87,26.42,4.8,33.15,15.24,11.24,17.55
E05011231,Slade Green & Northend,1194,12879,4.325000649921942,2977.8,92.71,27.16,7.22,35.01,29.44,21.2,25.86
E05011232,Thamesmead East,1477,15917,4.284288620245335,3715.2,92.79,25.09,8.28,37.67,42.43,21.77,24.72
E05011233,West Heath,439,15677,2.367215512769142,6622.55,28.0,22.75,3.76,28.97,17.56,9.74,14.54
E05011234,Aldborough,1145,15580,8.480015049345901,1837.26,73.49,30.14,6.22,42.98,48.97,11.18,17.86
E05011235,Barkingside,929,15203,1.6363086761986325,9291.03,61.11,29.99,5.29,45.6,47.49,10.65,16.67
E05011236,Bridge,812,13398,3.4494594842359794,3884.09,60.61,27.01,4.94,40.28,28.88,13.02,16.09
E05011237,Chadwell,900,16633,1.5596278617193082,10664.72,54.11,28.95,6.39,38.97,41.58,15.73,18.7
E05011238,Churchfields,785,15676,2.0191672859267893,7763.6,50.08,27.61,5.41,48.3,30.58,12.04,14.93
E05011239,Clayhall,854,13793,2.5362755863806576,5438.29,61.92,26.88,5.65,44.11,44.45,9.94,17.02
E05011240,Clementswood,1069,13773,0.898512448565122,15328.67,77.62,31.87,7.02,32.55,55.85,12.54,26.31
E05011241,Cranbrook,1151,13229,1.4858390491775562,8903.39,87.01,30.64,6.0,44.5,47.09,10.5,18.89
E05011242,Fairlop,1017,14756,2.8651212441094005,5150.22,68.92,29.96,5.22,39.44,39.92,12.15,17.57
E05011243,Fullwell,987,15965,2.769159368662769,5765.29,61.82,26.61,5.56,39.23,40.02,13.93,18.89
E05011244,Goodmayes,1352,15159,1.807006216174884,8389.01,89.19,33.2,7.43,37.74,50.66,11.98,21.81
E05011245,Hainault,966,15711,5.676619540476682,2767.67,61.49,30.09,5.94,35.62,35.14,16.73,23.59
E05011246,Ilford Town,3015,12118,1.0503517223774774,11537.09,248.8,36.89,7.51,47.0,62.76,12.98,24.11
E05011247,Loxford,1372,15050,1.0674357281577405,14099.21,91.16,31.41,8.16,35.88,55.9,17.7,27.09
E05011248,Mayfield,946,15992,1.848972488345967,8649.13,59.15,28.48,6.62,36.19,44.78,11.62,21.1
E05011249,Monkhams,430,9546,2.795416594310214,3414.88,45.05,20.89,4.75,49.07,25.61,7.27,10.52
E05011250,Newbury,826,14334,1.7388966218516302,8243.16,57.63,29.46,6.18,41.13,51.79,12.32,21.26
E05011251,Seven Kings,1775,15157,1.824095683126072,8309.32,117.11,31.2,7.18,37.67,51.89,12.26,21.87
E05011252,South Woodford,801,12499,2.03196156323678,6151.2,64.09,30.48,4.78,54.11,32.53,8.47,12.05
E05011253,Valentines,1342,15548,1.8005009625867467,8635.37,86.31,32.6,6.6,43.37,54.27,11.51,22.63
E05011254,Wanstead Park,531,8149,4.741473036634121,1718.66,65.16,24.01,5.35,53.0,26.08,9.71,13.58
E05011255,Wanstead Village,963,13023,2.304885518856168,5650.17,73.95,28.53,4.81,56.48,29.33,8.24,12.09
E05011462,Addiscombe East,837,11793,1.5397257533660487,7659.16,70.97,28.8,5.63,43.76,32.82,12.6,16.53
E05011463,Addiscombe West,1155,15661,1.3377599508446087,11706.88,73.75,35.32,5.74,46.22,42.33,14.52,17.54
E05011464,Bensham Manor,1223,16932,1.4528586266881376,11654.27,72.23,28.54,7.35,37.04,48.75,18.36,20.0
E05011465,Broad Green,2579,20079,1.9431294808592408,10333.33,128.44,30.81,7.96,34.38,49.94,21.49,25.03
E05011466,Coulsdon Town,698,15268,4.518216950241614,3379.21,45.72,26.98,4.06,45.48,21.05,11.09,10.94
E05011467,Crystal Palace & Upper Norwood,1055,16286,2.5876493411160646,6293.74,64.78,29.81,5.87,51.9,31.56,14.85,15.44
E05011468,Fairfield,5038,15754,1.4761702452311842,10672.21,319.79,49.24,6.87,52.81,50.7,12.5,16.92
E05011469,Kenley,428,10407,5.176588745068963,2010.4,41.13,23.16,3.58,43.72,20.16,11.52,10.54
E05011470,New Addington North,650,11143,1.4070456400151752,7919.43,58.33,23.78,8.79,24.42,26.21,30.22,32.22
E05011471,New Addington South,875,11190,2.4991063454901195,4477.6,78.19,24.91,6.33,25.24,21.54,22.61,29.91
E05011472,Norbury & Pollards Hill,942,12467,1.3316463319475207,9362.1,75.56,29.71,6.76,40.95,46.66,17.77,18.68
E05011473,Norbury Park,748,10558,2.2594274909364493,4672.87,70.85,26.22,6.94,42.09,41.44,13.97,18.03
E05011474,Old Coulsdon,463,9760,6.9588701814091225,1402.53,47.44,21.18,4.71,35.71,15.2,11.38,14.05
E05011475,Park Hill & Whitgift,289,5763,1.9857724008647502,2902.15,50.15,28.3,5.45,57.56,49.14,7.26,13.46
E05011476,Purley & Woodcote,1226,16551,5.085485300041248,3254.56,74.07,26.22,4.52,49.16,28.58,11.35,13.02
E05011477,Purley Oaks & Riddlesdown,497,10516,2.4535646385661685,4286.01,47.26,27.26,5.28,47.96,27.72,12.14,12.46
E05011478,Sanderstead,549,15503,7.5567196411254605,2051.55,35.41,19.4,3.97,43.72,18.3,8.44,11.26
E05011479,Selhurst,1532,12928,1.2994872446553578,9948.54,118.5,30.26,8.54,35.34,43.54,22.36,25.51
E05011480,Selsdon & Addington Village,435,10317,5.20718869379597,1981.3,42.16,22.01,4.91,37.14,24.86,12.83,14.37
E05011481,Selsdon Vale & Forestdale,512,9702,4.9100590786804394,1975.94,52.77,24.33,4.44,34.5,19.11,12.39,13.3
E05011482,Shirley North,842,15331,3.1236373115947833,4908.06,54.92,24.25,5.31,34.46,24.72,16.03,17.59
E05011483,Shirley South,634,10785,4.5586028635641656,2365.86,58.79,21.39,6.17,36.31,24.94,16.7,16.09
E05011484,South Croydon,1271,17190,3.9360766495444315,4367.29,73.94,33.56,5.6,48.19,34.42,13.4,14.87
E05011485,South Norwood,1587,16519,2.1356434486830578,7734.91,96.07,31.5,7.14,42.83,38.53,18.25,20.54
E05011486,Thornton Heath,1653,17989,1.7316759924535488,10388.2,91.89,28.32,8.38,37.91,42.78,20.36,21.35
E05011487,Waddon,1851,18492,3.9199496562772467,4717.41,100.1,30.95,6.74,39.89,37.78,17.56,20.97
E05011488,West Thornton,2170,18768,1.9765254388398672,9495.45,115.62,29.45,7.82,35.64,49.95,20.15,24.12
E05011489,Woodside,1260,17064,2.160998998586427,7896.35,73.84,30.41,7.66,40.53,33.88,20.89,19.49
E05013496,Alperton,1005,15010,1.8393400575332746,8160.54,66.96,34.32,5.79,30.98,67.82,12.92,23.81
E05013497,Barnhill,1225,11414,2.14489009065476,5321.48,107.32,29.65,6.95,42.49,56.98,16.14,22.1
E05013498,Brondesbury Park,923,13602,1.7306693255146,7859.39,67.86,33.34,6.89,51.09,48.81,11.49,21.76
E05013499,Cricklewood & Mapesbury,1180,13958,1.2333838882182266,11316.83,84.54,36.72,6.47,46.63,53.75,12.35,24.32
E05013500,Dollis Hill,2092,21644,3.0076991542253144,7196.2,96.65,29.46,9.02,32.81,56.64,16.78,27.49
E05013501,Harlesden & Kensal Green,2439,20101,1.5349328126183939,13095.69,121.34,29.76,8.65,38.19,48.95,21.26,27.42
E05013502,Kenton,909,17715,3.096979842525959,5720.09,51.31,29.14,5.42,43.24,56.43,10.94,17.9
E05013503,Kilburn,1659,17207,0.9364106842873979,18375.48,96.41,36.22,8.46,49.25,49.33,14.01,22.51
E05013504,Kingsbury,912,11434,1.3556010888329013,8434.63,79.76,32.35,6.17,39.27,56.36,14.04,20.66
E05013505,Northwick Park,822,12122,2.503603443973223,4841.82,67.81,29.45,5.3,45.89,55.93,10.76,16.22
E05013506,Preston,662,12451,1.7460637110617963,7130.9,53.17,34.4,5.73,40.9,60.09,12.67,22.21
E05013507,Queens Park,1531,17104,1.6558009781936611,10329.74,89.51,31.74,6.09,55.87,40.39,12.28,17.21
E05013508,Queensbury,1269,16864,2.149916008212961,7844.03,75.25,33.17,5.93,37.71,60.16,11.2,18.3
E05013509,Roundwood,1616,16655,1.8431122370046065,9036.35,97.03,29.11,9.45,33.27,51.52,22.59,31.27
E05013510,Stonebridge,2828,20209,4.012233989148574,5036.84,139.94,30.12,10.64,33.13,48.89,26.5,31.37
E05013511,Sudbury,688,13796,1.657732952240823,8322.21,49.87,33.6,6.26,38.32,62.48,12.79,23.12
E05013512,Tokyngton,529,9917,1.4543930911906005,6818.65,53.34,31.24,6.92,30.76,62.07,13.42,22.57
E05013513,Welsh Harp,1149,18236,3.5805546158223636,5093.07,63.01,29.71,6.59,33.93,56.59,14.24,24.82
E05013514,Wembley Central,1338,18013,1.7163135447415367,10495.17,74.28,34.22,6.42,30.36,68.4,12.28,27.95
E05013515,Wembley Hill,1542,15542,1.5448067763370545,10060.81,99.22,34.18,6.95,36.14,67.96,11.76,23.59
E05013516,Wembley Park,1510,7636,0.9895224428272125,7716.85,197.75,59.21,5.3,56.11,59.15,10.13,12.09
E05013517,Willesden Green,1592,19185,1.473770798032096,13017.63,82.98,35.48,7.56,43.63,54.43,13.85,24.69
E05013518,Central Greenford,1122,13963,3.1797050820142783,4391.29,80.36,28.87,5.92,38.11,54.03,12.85,18.45
E05013519,Dormers Wells,976,15186,2.3304558680746505,6516.32,64.27,27.29,8.88,28.8,57.16,16.79,30.37
E05013520,Ealing Broadway,2076,14231,1.7507433137678357,8128.55,145.88,36.68,5.48,65.64,51.21,7.55,12.94
E05013521,Ealing Common,1103,15782,2.3862036164290275,6613.85,69.89,36.2,6.18,59.47,45.88,9.59,14.71
E05013522,East Acton,1091,16017,1.7576604835828973,9112.68,68.12,38.54,7.71,47.79,53.59,14.91,20.26
E05013523,Greenford Broadway,1227,17030,2.3672064496550296,7194.13,72.05,28.49,7.22,34.94,48.53,16.99,22.41
E05013524,Hanger Hill,1342,16818,3.4194927507573247,4918.27,79.8,30.23,5.52,57.93,54.13,9.03,13.04
E05013525,Hanwell Broadway,1173,15099,1.8428198897705725,8193.42,77.69,29.79,6.44,48.65,41.38,14.69,19.81
E05013526,Lady Margaret,841,16133,1.7163846273618442,9399.41,52.13,28.37,7.2,30.56,57.94,12.63,25.09
E05013527,North Acton,2248,18371,4.272623667477095,4299.7,122.37,36.82,6.74,46.01,53.94,11.56,18.73
E05013528,North Greenford,899,16135,3.2936907023548265,4898.76,55.72,31.46,5.79,39.35,54.86,11.66,16.84
E05013529,North Hanwell,814,15043,2.2008870742894335,6834.97,54.11,24.93,6.68,42.4,42.0,17.14,19.91
E05013530,Northfield,661,14456,1.6939250976758917,8534.03,45.72,26.12,5.01,60.52,37.41,9.72,11.48
E05013531,Northolt Mandeville,1152,17361,2.825704861666792,6143.95,66.36,28.59,7.17,35.39,50.03,18.69,22.13
E05013532,Northolt West End,1222,16530,3.48230268757065,4746.86,73.93,28.42,7.4,31.71,46.58,21.03,28.09
E05013533,Norwood Green,1436,15455,3.6628784100023317,4219.36,92.91,31.92,8.29,34.41,53.42,16.24,27.17
E05013534,Perivale,1456,16214,3.405990939863253,4760.44,89.8,29.19,6.94,38.74,56.62,12.08,19.12
E05013535,Pitshanger,806,15166,2.2115608814609167,6857.6,53.15,26.56,6.88,52.87,41.81,13.9,17.74
E05013536,South Acton,1748,17107,1.3063559901595687,13095.21,102.18,37.48,6.87,52.36,49.43,12.0,20.37
E05013537,Southall Broadway,1529,10964,0.9762625556063982,11230.59,139.46,28.18,8.96,25.78,66.06,11.13,31.95
E05013538,Southall Green,1713,16331,1.5609475050232329,10462.24,104.89,28.91,9.67,24.25,67.15,12.74,33.33
E05013539,Southall West,496,6805,0.8258648080104698,8239.85,72.89,28.98,9.29,24.3,63.28,12.47,34.1
E05013540,Southfield,866,16239,1.5205637605792761,10679.59,53.33,32.39,5.04,66.25,41.29,7.84,10.41
E05013541,Walpole,1328,14656,1.5496500642390165,9457.62,90.61,31.32,6.22,60.44,40.12,9.18,15.12
E05013542,Belmont,360,9142,1.8412749328639328,4965.04,39.38,24.95,4.6,45.54,46.06,9.4,12.79
E05013543,Canons,463,9127,1.9936732628061526,4577.98,50.73,25.64,4.2,49.58,45.27,8.64,16.63
E05013544,Centenary,553,14546,1.9868782405432674,7321.03,38.02,29.81,5.42,42.86,56.42,9.01,14.28
E05013545,Edgware,1037,15986,1.6933124259666557,9440.67,64.87,32.39,5.42,35.77,60.94,11.39,20.19
E05013546,Greenhill,2155,11431,1.153514338061374,9909.72,188.52,42.22,6.55,55.25,63.97,9.18,17.77
E05013547,Harrow on the Hill,715,10802,3.40117194073217,3175.96,66.19,28.61,6.42,50.19,48.64,11.66,15.6
E05013548,Harrow Weald,830,14540,4.88752219271886,2974.92,57.08,25.74,5.96,39.03,46.39,14.04,20.7
E05013549,Hatch End,413,9588,2.8818522862500013,3327.03,43.07,22.38,4.6,52.06,40.4,8.31,12.28
E05013550,Headstone,587,15071,3.1602705383964094,4768.9,38.95,28.57,5.03,51.95,48.24,10.28,13.57
E05013551,Kenton East,621,14596,1.6611174528293247,8786.86,42.55,31.25,4.94,34.81,60.07,11.72,19.91
E05013552,Kenton West,440,9583,1.533534721142706,6248.96,45.91,28.94,4.65,42.26,53.96,9.38,13.15
E05013553,Marlborough,796,11377,1.2754418574198367,8920.05,69.97,34.59,5.98,46.66,56.87,11.18,18.55
E05013554,North Harrow,462,9234,1.4200686432469427,6502.5,50.03,28.12,4.92,51.07,52.2,9.12,12.09
E05013555,Pinner,620,13263,4.218941953231138,3143.68,46.75,22.93,4.44,53.39,38.77,9.66,12.95
E05013556,Pinner South,473,15096,3.0441291456029504,4959.05,31.33,22.42,4.34,57.01,39.65,7.91,11.07
E05013557,Rayners Lane,342,9620,1.130981472251564,8505.89,35.55,26.97,5.27,44.22,54.87,9.12,13.1
E05013558,Roxbourne,639,9820,1.0807402339866243,9086.36,65.07,29.88,8.07,38.31,50.24,17.23,22.09
E05013559,Roxeth,1113,15757,1.8756875192694562,8400.65,70.64,29.95,6.5,38.88,56.19,12.35,18.92
E05013560,Stanmore,690,13680,7.254668270903428,1885.68,50.44,24.91,5.87,45.43,43.63,10.71,18.96
E05013561,Wealdstone North,712,10360,0.9555687238735274,10841.71,68.73,31.13,6.1,37.02,52.16,14.9,20.99
E05013562,Wealdstone South,752,8084,0.8285162666067296,9757.2,93.02,31.58,5.83,35.82,58.81,14.42,23.68
E05013563,West Harrow,466,10498,1.1886710767786806,8831.71,44.39,30.52,6.78,44.73,50.25,11.45,19.48
E05013564,Belmore,1196,17369,2.2533161006345312,7708.2,68.86,28.67,7.55,29.98,54.4,12.89,21.37
E05013565,Charville,609,11493,2.674801234544266,4296.77,52.99,27.87,5.73,30.36,40.6,12.5,19.55
E05013566,Colham & Cowley,1717,19249,4.604154927916813,4180.79,89.2,31.78,5.88,31.75,36.7,13.81,22.59
E05013567,Eastcote,780,16672,3.61302637174194,4614.41,46.79,23.78,4.48,44.82,26.59,9.38,12.46
E05013568,Harefield Village,333,5751,8.724269757722498,659.2,57.9,24.25,5.0,32.74,17.25,12.35,18.13
E05013569,Hayes Town,1794,15292,3.8274172611226875,3995.38,117.32,35.22,8.53,35.52,56.18,14.52,24.77
E05013570,Heathrow Villages,5232,14033,23.540398710811427,596.12,372.84,32.58,9.02,31.15,53.69,12.67,25.98
E05013571,Hillingdon East,736,15646,4.585668283947862,3411.93,47.04,26.62,5.77,36.34,32.07,13.3,19.05
E05013572,Hillingdon West,472,9871,2.0037227116763945,4926.33,47.82,32.68,5.98,45.44,38.18,9.98,15.98
E05013573,Ickenham & South Harefield,566,15502,13.210729675904817,1173.44,36.51,23.79,3.58,44.81,22.69,8.2,11.2
E05013574,Northwood,616,11311,6.445437026599287,1754.88,54.46,21.82,4.21,55.08,38.32,8.19,12.79
E05013575,Northwood Hills,704,11860,2.8560702790595043,4152.56,59.36,24.87,4.91,46.41,37.73,10.89,15.81
E05013576,Pinkwell,1247,16853,3.2175007250714316,5237.92,73.99,30.26,8.27,29.85,52.12,15.2,24.25
E05013577,Ruislip,879,15504,8.664815723769436,1789.31,56.7,23.42,4.22,43.5,22.09,9.05,13.2
E05013578,Ruislip Manor,392,10861,1.7646394400839445,6154.8,36.09,25.81,4.58,38.97,24.71,9.79,12.13
E05013579,South Ruislip,1126,17040,6.742323935273339,2527.32,66.08,29.36,4.77,39.44,30.05,12.56,14.83
E05013580,Uxbridge,3042,18122,4.226996871828332,4287.2,167.86,37.91,5.34,40.6,38.56,11.04,18.78
E05013581,West Drayton,1295,18431,3.4734105308550633,5306.31,70.26,33.44,7.26,38.14,39.45,15.81,21.82
E05013582,Wood End,1674,19373,3.5671915854805354,5430.88,86.41,28.02,7.21,29.95,45.78,16.61,27.97
E05013583,Yeading,1313,13546,2.511462490831384,5393.67,96.93,28.72,8.25,31.16,44.46,20.18,25.06
E05013584,Yiewsley,1257,12113,3.2339955702314387,3745.52,103.77,34.11,7.09,35.64,38.55,17.81,23.47
E05013585,Alexandra Park,672,9065,2.417358092209597,3749.96,74.13,20.15,4.97,65.61,27.95,10.31,10.96
E05013586,Bounds Green,775,9747,1.1102897148720228,8778.79,79.51,32.85,6.69,46.94,47.45,17.03,22.57
E05013587,Bruce Castle,1659,14033,1.4345993706734337,9781.83,118.22,30.09,9.45,32.43,51.46,23.8,32.76
E05013588,Crouch End,963,12982,1.5700732015148933,8268.4,74.18,31.01,4.65,68.42,32.55,7.95,12.74
E05013589,Fortis Green,586,12884,1.9181042217744315,6717.05,45.48,23.23,4.91,63.46,31.27,11.05,11.82
E05013590,Harringay,1567,14422,1.6013751448355216,9006.01,108.65,43.11,6.91,54.88,50.78,11.35,22.1
E05013591,Hermitage & Gardens,1076,8947,0.8532500085954509,10485.79,120.26,45.16,8.23,49.01,51.71,15.12,26.44
E05013592,Highgate,865,12480,2.778381508328982,4491.82,69.31,32.23,4.66,71.47,34.44,7.34,11.23
E05013593,Hornsey,1135,14719,1.3706422829644693,10738.76,77.11,34.15,5.7,60.11,32.92,12.11,17.78
E05013594,Muswell Hill,835,8840,1.2731698067185115,6943.3,94.46,27.31,5.03,67.9,33.72,8.17,10.69
E05013595,Noel Park,3357,13682,1.1987362349457125,11413.69,245.36,38.41,8.68,39.78,55.05,18.16,28.53
E05013596,Northumberland Park,2312,14838,2.109240758373846,7034.76,155.82,29.41,10.35,30.57,54.05,23.95,34.3
E05013597,St Ann's,925,10278,0.6657140694537651,15439.06,90.0,36.66,7.84,41.86,51.19,15.44,26.52
E05013598,Seven Sisters,1259,9408,0.6791531711314349,13852.55,133.82,34.9,9.2,38.35,50.94,18.96,29.39
E05013599,South Tottenham,1849,17124,1.2872506895951559,13302.77,107.98,33.13,8.01,35.3,47.26,17.96,26.31
E05013600,Stroud Green,1100,10921,0.9912956813127791,11016.89,100.72,40.08,5.37,65.26,32.09,9.72,16.94
E05013601,Tottenham Central,1635,14388,1.0052748697660554,14312.5,113.64,36.73,7.66,40.97,54.02,16.76,25.67
E05013602,Tottenham Hale,1664,11934,1.0334878766249365,11547.31,139.43,38.92,7.27,39.18,54.34,21.68,25.87
E05013603,West Green,1486,14708,1.508697555655437,9748.81,101.03,36.27,7.77,43.3,52.79,15.87,26.23
E05013604,White Hart Lane,1292,13433,1.2987422574083969,10343.08,96.18,31.17,9.24,32.86,49.38,22.44,30.88
E05013605,Woodside,1725,15402,1.488033916860347,10350.57,112.0,37.07,8.21,41.63,55.61,14.05,28.24
E05013606,Bedfont,1288,15352,5.43369644283409,2825.33,83.9,30.05,7.0,29.73,42.39,14.87,23.49
E05013607,Brentford East,661,8610,0.8501271977906043,10127.9,76.77,36.06,7.89,46.12,45.75,19.68,23.1
E05013608,Brentford West,583,8553,1.4328014865367018,5969.42,68.16,31.44,5.7,49.83,38.92,11.25,16.69
E05013609,Chiswick Gunnersbury,1648,12790,2.7309137731239486,4683.41,128.85,32.57,5.6,60.87,45.71,7.75,13.56
E05013610,Chiswick Homefields,1281,13883,2.9547486478232483,4698.54,92.27,26.78,4.36,61.97,38.68,8.07,10.18
E05013611,Chiswick Riverside,639,9893,1.095810554127451,9028.02,64.59,27.59,4.79,62.91,37.97,9.32,12.15
E05013612,Cranford,1282,16028,3.1474213235083646,5092.42,79.99,31.49,8.96,31.04,60.23,15.83,27.7
E05013613,Feltham North,1105,12798,2.4348235000266003,5256.23,86.34,29.38,6.64,30.55,46.97,13.4,25.11
E05013614,Feltham West,1514,16231,3.1562901795608505,5142.43,93.28,30.68,7.14,34.17,41.96,16.09,21.85
E05013615,Hanworth Park,908,10047,3.032898876595955,3312.67,90.38,28.24,5.97,34.71,40.38,13.44,20.52
E05013616,Hanworth Village,1397,16522,3.8475511062539844,4294.16,84.55,27.55,7.2,29.94,38.12,17.02,25.21
E05013617,Heston Central,990,14538,1.6784377224641542,8661.63,68.1,30.81,8.04,36.54,58.87,12.6,23.69
E05013618,Heston East,865,11545,1.8007798223577107,6411.11,74.92,31.9,7.3,39.1,59.6,13.28,21.43
E05013619,Heston West,1263,15338,3.694255824891565,4151.85,82.34,29.99,7.95,31.97,55.48,14.45,27.39
E05013620,Hounslow Central,2258,10624,0.8466949823287062,12547.61,212.54,38.66,6.82,46.14,72.35,12.45,21.87
E05013621,Hounslow East,821,8780,0.8667463540109516,10129.84,93.51,33.75,7.32,42.32,61.16,14.78,22.5
E05013622,Hounslow Heath,1279,16069,2.787883632357403,5763.87,79.59,30.25,8.03,36.46,60.72,13.54,25.78
E05013623,Hounslow South,581,13870,2.023606432574809,6854.1,41.89,27.37,5.41,41.74,43.44,11.24,16.81
E05013624,Hounslow West,1161,15919,1.5954610948920025,9977.68,72.93,32.73,7.94,36.11,65.58,11.58,26.47
E05013625,Isleworth,790,14055,1.9983912809249935,7033.16,56.21,27.98,5.87,46.3,38.46,14.9,19.65
E05013626,Osterley & Spring Grove,1102,14592,6.301939553401064,2315.48,75.52,30.77,5.75,52.9,49.41,9.41,13.75
E05013627,Syon & Brentford Lock,1157,12157,2.23959979735506,5428.2,95.17,33.54,6.49,49.47,42.89,12.61,19.13
E05013628,Barnet Vale,904,17071,3.5302498414826,4835.64,52.96,25.54,5.59,50.43,31.51,10.09,15.28
E05013629,Brunswick Park,908,16141,3.039542698413388,5310.34,56.25,23.2,5.26,44.75,35.6,12.57,15.34
E05013630,Burnt Oak,1688,21575,2.52638688201527,8539.86,78.24,29.23,7.53,35.21,50.66,20.32,26.63
E05013631,Childs Hill,1865,19392,2.9303435572968723,6617.65,96.17,31.28,5.79,53.86,51.57,10.81,18.02
E05013632,Colindale North,867,12727,1.039136903406325,12247.66,68.12,33.29,8.37,41.57,52.94,20.87,25.57
E05013633,Colindale South,1345,19001,1.5320026325098282,12402.72,70.79,43.43,6.3,51.35,59.54,11.66,17.36
E05013634,Cricklewood,1300,10413,2.008174474993056,5185.31,124.84,30.97,7.94,41.08,53.62,18.61,23.85
E05013635,East Barnet,1113,18099,3.8677938881455693,4679.41,61.5,25.0,5.79,43.96,30.57,13.88,17.26
E05013636,East Finchley,914,16324,2.4619706628573064,6630.46,55.99,28.53,6.54,56.52,38.4,11.97,17.21
E05013637,Edgware,1522,19770,3.360573873887276,5882.92,76.99,27.47,5.27,49.49,41.2,12.02,15.5
E05013638,Edgwarebury,801,12344,7.178648660786671,1719.54,64.89,23.67,4.65,43.3,37.92,13.39,17.22
E05013639,Finchley Church End,1045,18835,3.0027167395105385,6272.65,55.48,27.37,6.38,56.24,42.63,9.1,14.95
E05013640,Friern Barnet,1455,19063,2.7579491419565603,6912.02,76.33,26.48,6.25,47.37,41.04,15.16,18.05
E05013641,Garden Suburb,791,12679,4.287673675574864,2957.08,62.39,20.81,3.59,64.94,36.39,7.67,8.4
E05013642,Golders Green,845,15142,1.6346940720372702,9262.9,55.81,29.62,4.79,42.76,43.06,7.39,19.64
E05013643,Hendon,1693,21977,3.352318596339433,6555.76,77.04,34.38,5.92,46.8,48.29,10.63,19.92
E05013644,High Barnet,802,12007,8.12259550959917,1478.22,66.79,22.33,4.89,52.12,28.33,10.24,13.28
E05013645,Mill Hill,1232,17825,7.889066775945929,2259.46,69.12,25.84,4.82,50.88,38.18,10.54,14.76
E05013646,Totteridge & Woodside,614,14904,9.542216190149098,1561.9,41.2,24.99,4.41,59.63,39.93,8.8,10.3
E05013647,Underhill,666,12297,2.550734083957932,4820.97,54.16,24.36,5.74,42.89,32.88,15.28,20.1
E05013648,West Finchley,1402,19406,2.437105331774377,7962.73,72.25,29.36,5.9,55.56,48.39,9.72,15.49
E05013649,West Hendon,1945,17255,3.1494649394281415,5478.71,112.72,35.83,6.65,44.28,58.72,10.88,21.66
E05013650,Whetstone,625,10889,2.386256057447986,4563.22,57.4,26.51,5.2,52.91,36.17,10.91,13.84
E05013651,Woodhouse,1182,14165,2.2057191606792563,6421.94,83.45,27.81,5.64,47.58,45.06,12.76,19.17
E05013652,Belsize,862,12114,1.0062860687778645,12038.33,71.16,34.81,3.7,75.52,52.72,5.8,10.49
E05013653,Bloomsbury,6481,11367,1.2407531335996382,9161.37,570.16,42.46,6.25,47.91,55.78,7.47,19.74
E05013654,Camden Square,834,7087,0.46387945139291015,15277.68,117.68,43.42,7.95,54.36,40.0,11.69,22.71
E05013655,Camden Town,3515,6810,0.6110867129081883,11144.08,516.15,43.69,7.48,54.34,44.44,13.33,23.17
E05013656,Fortune Green,831,11570,1.0261377955540587,11275.29,71.82,38.49,4.97,64.47,46.04,9.33,18.0
E05013657,Frognal,472,7731,1.1502269509595358,6721.28,61.05,28.47,4.27,70.1,50.96,8.15,9.45
E05013658,Gospel Oak,1149,11717,0.7905664625218907,14821.02,98.06,33.83,7.21,54.68,38.52,13.68,24.35
E05013659,Hampstead Town,702,8092,2.216384401635148,3650.99,86.75,26.37,3.62,75.67,43.27,6.04,7.53
E05013660,Haverstock,1069,11979,0.7304109411789353,16400.36,89.24,36.66,7.12,49.86,39.64,16.08,25.02
E05013661,Highgate,980,10230,3.2221637257116194,3174.89,95.8,26.44,5.79,61.6,28.74,12.32,18.15
E05013662,Holborn & Covent Garden,5558,10324,1.1100871923023736,9300.17,538.36,41.04,7.5,54.33,48.19,10.79,22.85
E05013663,Kentish Town North,666,7300,0.5605286103699119,13023.42,91.23,39.69,5.79,63.38,33.89,11.16,18.35
E05013664,Kentish Town South,1271,10305,0.8200549216672239,12566.23,123.34,39.31,6.54,54.62,38.48,13.58,23.33
E05013665,Kilburn,1744,12010,0.657527655589645,18265.39,145.21,36.37,8.23,47.46,50.62,14.07,29.43
E05013666,King's Cross,2279,11452,1.0835571923303782,10568.89,199.0,46.47,8.79,49.04,53.67,12.33,22.97
E05013667,Primrose Hill,1006,12441,1.340731404785103,9279.26,80.86,30.0,5.05,63.14,47.44,10.14,17.51
E05013668,Regent's Park,2237,11927,1.3505179808912209,8831.43,187.56,39.08,8.44,44.95,46.09,14.27,26.88
E05013669,St Pancras & Somers Town,1780,12462,0.8186188645276422,15223.2,142.83,39.17,9.73,38.85,43.58,18.98,33.81
E05013670,South Hampstead,1066,12035,0.8056108203122687,14938.98,88.57,41.45,4.92,68.32,51.47,9.19,15.16
E05013671,West Hampstead,1148,11191,0.8042310664493408,13915.16,102.58,46.43,5.11,65.35,47.18,9.1,18.6
E05013672,Arnos Grove,535,8878,1.7693645125857238,5017.62,60.26,23.89,4.89,49.0,39.46,9.87,12.6
E05013673,Bowes,732,10711,1.2824550858405706,8351.95,68.34,31.34,9.49,34.47,55.9,15.88,24.16
E05013674,Brimsdown,1853,16290,4.610807730813876,3533.0,113.75,26.86,8.38,28.16,41.19,26.52,27.17
E05013675,Bullsmoor,1016,11374,1.8094146339917363,6286.01,89.33,25.99,7.55,27.36,36.38,25.67,28.23
E05013676,Bush Hill Park,682,13007,2.2678680627628633,5735.34,52.43,23.02,5.61,40.24,30.44,10.46,14.37
E05013677,Carterhatch,1304,12808,1.8144045587558795,7059.07,101.81,26.25,7.99,26.42,38.32,26.97,30.99
E05013678,Cockfosters,650,10155,9.73364887567931,1043.29,64.01,23.01,4.74,44.69,34.49,10.89,15.56
E05013679,Edmonton Green,2821,17052,2.953463336823666,5773.56,165.44,28.12,8.95,27.55,49.93,24.89,33.1
E05013680,Enfield Lock,1577,17870,3.275545431476184,5455.58,88.25,28.26,7.53,30.82,40.19,26.84,26.68
E05013681,Grange Park,432,8598,2.4559318798492558,3500.91,50.24,22.01,4.72,47.43,28.2,10.43,11.11
E05013682,Haselbury,1474,18314,1.9938629903383245,9185.18,80.48,27.71,7.52,28.38,50.89,21.84,27.92
E05013683,Highfield,553,9547,1.656094450696227,5764.77,57.92,25.92,6.3,35.67,43.6,14.6,20.18
E05013684,Jubilee,1256,16375,4.021239278631373,4072.13,76.7,26.28,7.84,27.78,46.87,22.27,26.5
E05013685,Lower Edmonton,1478,16518,2.167759660504876,7619.85,89.48,27.43,8.45,27.94,50.02,25.27,29.24
E05013686,New Southgate,697,11119,1.0852789759457349,10245.29,62.69,32.99,6.01,46.11,47.03,14.67,18.79
E05013687,Oakwood,389,8692,1.9397946554792493,4480.89,44.75,23.11,4.97,46.72,33.16,12.35,12.53
E05013688,Palmers Green,1258,10837,1.4690042022934346,7377.11,116.08,28.73,6.58,47.82,44.41,11.48,18.4
E05013689,Ponders End,1741,13499,3.4160916956536322,3951.59,128.97,28.66,8.62,29.3,47.91,24.07,29.45
E05013690,Ridgeway,966,12787,11.065381696707323,1155.59,75.55,23.43,4.29,43.68,25.8,11.93,15.29
E05013691,Southbury,1322,15339,2.1086988080879605,7274.15,86.19,27.34,6.05,38.17,33.83,19.9,20.05
E05013692,Southgate,858,15215,2.3531032140814743,6465.93,56.39,25.51,5.71,46.67,41.23,12.42,15.43
E05013693,Town,1714,13330,2.089253317052086,6380.27,128.58,25.33,4.6,42.46,25.49,14.18,15.07
E05013694,Upper Edmonton,2734,16830,2.2956819716106054,7331.15,162.45,28.49,9.22,29.49,51.78,24.4,30.99
E05013695,Whitewebbs,1123,14387,10.417359347628604,1381.06,78.06,23.5,5.75,36.81,23.77,18.21,20.36
E05013696,Winchmore Hill,511,10441,2.1301450555662274,4901.54,48.94,23.94,4.47,49.98,30.92,9.9,12.34
E05013697,Arsenal,1204,13162,0.8112708173816108,16223.93,91.48,46.23,5.67,64.5,38.3,11.14,16.44
E05013698,Barnsbury,1758,11840,0.8966278986472275,13205.03,148.48,43.85,6.17,61.58,37.8,11.58,18.59
E05013699,Bunhill,2596,11161,0.8371973501041926,13331.38,232.6,46.42,6.66,55.44,47.85,13.93,20.04
E05013700,Caledonian,1481,11324,0.8745894198862354,12947.79,130.78,45.04,7.92,48.96,46.95,15.26,24.83
E05013701,Canonbury,1127,12529,0.8747368193668014,14323.17,89.95,40.2,6.27,55.77,36.15,15.64,22.19
E05013702,Clerkenwell,1994,10998,0.9350340283357784,11762.14,181.31,42.31,7.03,54.69,42.67,12.5,20.94
E05013703,Finsbury Park,2964,14411,0.8408587336268022,17138.43,205.68,44.82,8.51,50.6,43.8,15.15,26.48
E05013704,Highbury,1243,13943,1.0834861228638957,12868.65,89.15,40.98,4.57,65.25,36.32,10.1,16.07
E05013705,Hillrise,1180,14809,1.0203069293947227,14514.26,79.68,36.23,6.94,52.44,35.43,16.61,22.83
E05013706,Holloway,1129,12355,0.7842263077223011,15754.38,91.38,47.88,7.04,54.32,44.42,13.33,22.7
E05013707,Junction,1842,12957,1.057158570100446,12256.44,142.16,40.36,6.4,56.69,38.8,13.49,20.68
E05013708,Laycock,1889,13200,0.8687624930389696,15194.03,143.11,43.93,7.53,51.5,37.43,14.4,24.51
E05013709,Mildmay,1229,14176,0.8983037896663146,15780.85,86.7,43.12,7.55,56.73,36.0,15.34,22.67
E05013710,St Mary's & St James',1901,11673,0.7510552640909165,15542.13,162.85,44.73,5.64,61.23,40.04,12.77,17.85
E05013711,St Peter's & Canalside,1313,11676,0.6483367552226589,18009.16,112.45,46.4,5.53,57.65,42.85,12.54,18.47
E05013712,Tollington,1488,13964,0.8159809398300497,17113.14,106.56,44.82,6.64,57.82,38.91,13.27,22.44
E05013713,Tufnell Park,1071,12391,0.848715972833308,14599.7,86.43,39.11,6.77,57.46,37.69,13.35,22.1
E05013714,Bellingham,1674,11664,2.4389890421581386,4782.31,143.52,27.45,8.7,34.49,35.63,23.55,28.83
E05013715,Blackheath,1635,16222,2.438883330540077,6651.4,100.79,35.38,6.58,58.42,33.11,13.05,16.54
E05013716,Brockley,1619,17953,1.6948319170231843,10592.79,90.18,44.22,6.0,58.5,35.81,12.39,17.18
E05013717,Catford South,1338,17267,2.3764818882708276,7265.78,77.49,27.65,6.8,41.78,35.21,16.12,19.71
E05013718,Crofton Park,1266,15494,1.7308646955003302,8951.6,81.71,33.42,5.37,58.15,27.34,12.92,15.88
E05013719,Deptford,2242,16385,1.2973522350812878,12629.57,136.83,43.61,7.95,49.7,45.29,17.37,22.92
E05013720,Downham,1598,18766,2.687072449225374,6983.81,85.15,26.99,8.06,31.87,32.88,23.75,28.17
E05013721,Evelyn,1051,14960,1.139335220896421,13130.46,70.25,47.03,7.56,52.34,49.03,15.77,21.68
E05013722,Forest Hill,1230,15177,1.842925889718352,8235.27,81.04,32.99,6.43,58.82,30.14,14.73,16.11
E05013723,Grove Park,995,15591,2.425662606916302,6427.52,63.82,29.15,7.11,40.67,32.3,17.22,20.92
E05013724,Hither Green,1624,20255,2.14805671308275,9429.45,80.18,31.99,8.01,45.53,36.48,17.77,21.06
E05013725,Ladywell,1463,15223,2.04412326393376,7447.2,96.1,34.18,6.41,55.15,33.19,15.39,18.69
E05013726,Lee Green,1096,14990,1.8168956317161664,8250.34,73.12,29.95,6.22,55.11,30.98,12.66,16.63
E05013727,Lewisham Central,1658,8375,0.6661299054164663,12572.62,197.97,52.7,7.52,60.76,51.49,11.93,15.45
E05013728,New Cross Gate,948,10894,1.0934440479989749,9963.02,87.02,39.63,8.85,43.95,42.28,17.96,24.95
E05013729,Perry Vale,1278,18338,1.975726722339926,9281.65,69.69,32.49,6.1,52.67,28.53,15.63,18.03
E05013730,Rushey Green,2508,18753,1.9945873835429786,9401.94,133.74,35.11,7.31,47.16,41.3,17.62,22.1
E05013731,Sydenham,1502,17352,1.8285890491938095,9489.28,86.56,30.1,6.57,48.99,30.38,17.66,21.18
E05013732,Telegraph Hill,1167,16923,1.540053106801306,10988.58,68.96,38.24,7.11,54.52,35.5,16.13,21.22
E05013733,Addison,1048,7808,0.3735259543713907,20903.5,134.22,41.99,6.69,58.89,51.2,10.5,18.53
E05013734,Avonmore,565,7534,0.4791003309206637,15725.31,74.99,43.55,6.89,59.43,54.76,9.85,17.29
E05013735,Brook Green,899,8088,0.6929016558857631,11672.65,111.15,39.19,5.47,65.66,50.6,8.76,14.23
E05013736,College Park & Old Oak,1235,9987,3.4307756288051223,2911.0,123.66,41.63,8.44,46.18,48.81,18.16,25.59
E05013737,Coningham,1065,10815,0.5803607970457848,18634.96,98.47,41.48,7.02,53.55,43.18,13.22,21.89
E05013738,Fulham Reach,1203,11586,0.7914346352885381,14639.24,103.83,45.41,5.16,57.92,45.64,9.84,16.53
E05013739,Fulham Town,517,7466,0.46115997492115907,16189.61,69.25,46.56,4.79,68.36,42.13,7.28,10.8
E05013740,Grove,584,7442,0.5080527432220947,14648.09,78.47,37.73,5.53,62.55,42.81,8.99,14.23
E05013741,Hammersmith Broadway,2534,7641,0.6955321323845259,10985.83,331.63,43.21,6.5,52.96,47.54,13.22,20.24
E05013742,Lillie,656,6651,0.4245554115630542,15665.8,98.63,44.43,5.88,53.77,49.1,12.0,19.05
E05013743,Munster,672,12421,0.7531860442079016,16491.28,54.1,45.25,4.63,63.68,41.3,8.2,12.91
E05013744,Palace & Hurlingham,670,11498,1.5700079455801288,7323.53,58.27,31.45,4.79,62.36,40.61,9.62,11.63
E05013745,Parsons Green & Sandford,609,7912,0.7449285862648327,10621.15,76.97,34.5,4.55,66.4,42.3,9.01,10.77
E05013746,Ravenscourt,930,6978,0.7894725603914139,8838.81,133.28,36.39,5.78,61.63,44.77,10.67,16.07
E05013747,Sands End,692,10930,0.67243435001331,16254.37,63.31,41.76,6.49,59.92,44.13,13.62,15.16
E05013748,Shepherd's Bush Green,2534,5623,0.5957684224613915,9438.23,450.65,40.68,8.8,50.16,51.3,15.66,26.43
E05013749,Walham Green,1090,7743,0.4742243593208995,16327.71,140.77,44.52,5.92,56.25,44.2,11.86,19.25
E05013750,Wendell Park,329,7439,0.5662604571972297,13137.06,44.23,31.05,6.34,60.18,39.48,12.08,15.62
E05013751,West Kensington,793,9494,0.5534845427777791,17153.14,83.53,47.36,7.35,55.28,48.47,12.11,19.61
E05013752,White City,939,10288,0.5887537694326798,17474.2,91.27,38.06,8.16,45.54,47.58,19.9,23.62
E05013753,Wormholt,553,7814,0.6454578991142433,12106.13,70.77,36.43,7.09,48.46,41.7,17.71,23.48
E05013754,Beddington,810,11007,5.097035254054988,2159.49,73.59,23.8,4.33,35.56,24.38,12.01,15.21
E05013755,Belmont,441,11524,2.4019408605515054,4797.79,38.27,24.25,4.53,47.41,30.85,10.04,13.22
E05013756,Carshalton Central,652,11677,2.1802161813071943,5355.89,55.84,23.76,3.45,45.67,21.21,10.09,12.35
E05013757,Carshalton South & Clockhouse,383,10083,7.011481875715187,1438.07,37.98,19.07,3.63,42.0,18.74,10.09,12.03
E05013758,Cheam,416,10827,3.933094476651514,2752.79,38.42,19.84,3.41,45.71,23.81,7.67,10.88
E05013759,Hackbridge,350,6823,1.06746020905699,6391.81,51.3,37.96,4.06,44.64,31.38,12.78,14.24
E05013760,North Cheam,588,11642,1.637079604593728,7111.44,50.51,23.88,3.95,35.31,23.53,9.98,12.65
E05013761,St Helier East,669,8452,1.1179001973667062,7560.6,79.15,27.09,6.31,27.27,25.8,19.89,28.34
E05013762,St Helier West,951,12290,1.4518491566239777,8465.07,77.38,26.9,5.75,28.9,30.16,18.51,26.3
E05013763,South Beddington & Roundshaw,709,10803,2.898741127453969,3726.79,65.63,23.47,5.03,36.15,26.15,16.29,21.37
E05013764,Stonecot,451,7784,1.5733442967078697,4947.42,57.94,22.94,4.21,32.54,28.73,10.31,13.79
E05013765,Sutton Central,2264,12366,1.1398976158083627,10848.34,183.08,33.82,5.55,43.4,40.43,12.85,18.68
E05013766,Sutton North,544,11295,1.9885726840538533,5679.95,48.16,24.13,4.35,37.29,31.68,11.26,15.52
E05013767,Sutton South,540,12172,1.3915424221612467,8747.13,44.36,30.89,5.11,48.54,39.67,9.02,14.83
E05013768,Sutton West & East Cheam,502,11512,1.562023317044503,7369.93,43.61,27.3,3.98,44.12,33.26,10.72,13.77
E05013769,The Wrythe,826,10700,1.378024987168933,7764.74,77.2,27.75,4.6,35.16,22.68,13.31,18.14
E05013770,Wallington North,799,11956,1.6198046171476088,7381.14,66.83,26.69,3.81,40.0,23.76,12.47,15.64
E05013771,Wallington South,862,11211,1.7466005156100082,6418.75,76.89,23.55,4.2,39.05,24.96,12.17,18.06
E05013772,Worcester Park North,401,8307,1.3091256749962836,6345.46,48.27,25.47,4.78,43.38,28.76,12.82,13.52
E05013773,Worcester Park South,190,7172,1.3295436329906571,5394.33,26.49,20.99,3.5,39.8,20.06,6.75,11.38
E05013774,Barnes,603,10472,2.7166171513852726,3854.79,57.58,19.28,4.94,63.95,33.5,9.04,10.97
E05013775,East Sheen,595,10668,5.976474639531038,1785.0,55.77,19.28,3.67,68.2,28.58,6.54,6.32
E05013776,Fulwell & Hampton Hill,487,10714,2.801210470400145,3824.78,45.45,22.54,4.11,61.03,20.68,8.33,9.35
E05013777,"Ham, Petersham & Richmond Riverside",624,10827,9.250864400628297,1170.38,57.63,18.8,4.46,55.67,35.27,11.81,13.82
E05013778,Hampton,481,9975,6.813445552356069,1464.02,48.22,20.0,3.96,56.62,21.18,8.95,11.88
E05013779,Hampton North,693,10042,2.002578054550788,5014.54,69.01,21.03,6.03,45.85,25.18,11.93,18.0
E05013780,Hampton Wick & South Teddington,479,10753,2.7422419751220874,3921.24,44.55,21.3,4.57,62.06,25.2,9.35,11.71
E05013781,Heathfield,719,10413,1.826109353964596,5702.29,69.05,24.19,6.3,38.71,32.75,13.23,19.39
E05013782,Kew,657,11792,3.282700889201786,3592.16,55.72,24.9,4.57,69.96,33.8,7.81,8.71
E05013783,Mortlake & Barnes Common,751,11801,1.8148865817029498,6502.33,63.64,25.88,4.19,64.25,29.86,10.04,11.33
E05013784,North Richmond,697,10862,2.6416656601277717,4111.8,64.17,26.24,4.51,65.7,33.69,8.04,10.65
E05013785,St Margarets & North Twickenham,498,11663,1.9026618634107628,6129.83,42.7,24.27,3.71,68.0,28.76,7.19,6.28
E05013786,South Richmond,1558,11083,2.511834229332397,4412.31,140.58,26.68,4.43,69.72,37.97,5.38,8.72
E05013787,South Twickenham,429,10849,1.717968840335596,6315.02,39.54,24.18,3.79,61.23,21.81,7.18,9.63
E05013788,Teddington,518,10564,4.263754885694747,2477.63,49.03,22.81,4.63,63.78,22.23,6.81,9.35
E05013789,Twickenham Riverside,697,11279,1.7904951894982637,6299.37,61.8,25.3,4.32,68.62,33.07,6.65,8.25
E05013790,West Twickenham,536,11087,1.5594370985207326,7109.62,48.34,20.76,4.43,53.35,24.77,11.51,11.91
E05013791,Whitton,579,10435,1.7109747668070852,6098.86,55.49,22.89,4.88,45.09,28.25,10.21,13.51
E05013792,Abbey Road,711,12981,1.207807874131597,10747.57,54.77,34.49,4.82,64.69,59.71,7.41,14.04
E05013793,Bayswater,1433,12152,0.6636274236308453,18311.48,117.92,43.73,6.01,68.07,59.96,5.64,15.37
E05013794,Church Street,1374,11666,0.44430666402451424,26256.64,117.78,35.72,10.47,36.97,52.89,19.38,40.29
E05013795,Harrow Road,1153,11173,0.4898700767109405,22808.09,103.2,37.3,7.5,49.59,48.34,15.97,25.85
E05013796,Hyde Park,3385,10112,1.7776606257687022,5688.37,334.75,43.47,5.16,60.37,65.1,8.01,17.22
E05013797,Knightsbridge & Belgravia,2496,11192,2.049732338845812,5460.23,223.02,29.94,4.91,55.92,58.08,9.11,11.12
E05013798,Lancaster Gate,2163,11269,1.6165455967828102,6971.04,191.94,48.3,5.44,66.2,65.69,6.31,15.47
E05013799,Little Venice,841,10370,0.6339322571946778,16358.21,81.1,33.46,5.38,60.78,55.02,9.4,19.57
E05013800,Maida Vale,946,11696,0.689674974458584,16958.71,80.88,40.47,7.51,58.9,52.21,12.61,20.74
E05013801,Marylebone,3406,12422,1.0890721118354778,11406.04,274.19,43.94,3.96,70.18,63.49,4.19,10.16
E05013802,Pimlico North,1581,10271,0.5950637333691767,17260.34,153.93,41.65,5.12,61.74,47.18,8.18,17.69
E05013803,Pimlico South,663,10563,0.48794043506768287,21648.13,62.77,35.15,7.34,50.76,46.03,12.71,24.13
E05013804,Queen's Park,1020,12754,0.57836174924005,22051.94,79.97,34.03,10.07,41.34,44.72,20.64,31.62
E05013805,Regent's Park,1771,11809,2.42020247228188,4879.34,149.97,39.97,5.15,66.19,61.44,7.22,13.17
E05013806,St James's,21187,10076,3.1588152426299514,3189.8,2102.72,42.75,5.23,59.32,55.67,7.0,14.72
E05013807,Vincent Square,1217,10607,0.6176581930211296,17172.93,114.74,38.6,6.85,58.96,51.57,10.47,20.42
E05013808,West End,33770,11246,2.294009317954212,4902.33,3002.85,44.29,4.78,61.31,62.2,6.27,14.85
E05013809,Westbourne,1235,11857,0.6350967044691653,18669.6,104.16,35.22,10.57,43.43,50.48,20.1,33.06
E05013810,Abbey,717,10259,1.359852296961942,7544.2,69.89,40.47,4.16,63.62,40.14,8.31,12.32
E05013811,Cannon Hill,451,9936,2.253345819839172,4409.44,45.39,25.58,4.56,46.81,35.45,9.1,12.69
E05013812,Colliers Wood,1101,11565,1.112927574334402,10391.51,95.2,44.14,5.37,55.19,43.19,9.68,13.85
E05013813,Cricket Green,1041,12129,2.9239541423038147,4148.15,85.83,28.63,6.72,34.58,43.57,18.29,24.17
E05013814,Figge's Marsh,941,11088,1.069300380363476,10369.4,84.87,30.0,6.45,35.32,47.72,17.07,23.8
E05013815,Graveney,659,11795,0.9927381990374542,11881.28,55.87,34.69,5.84,44.76,50.51,11.37,16.72
E05013816,Hillside,545,8518,1.1204290342470289,7602.44,63.98,33.36,3.55,70.75,43.75,5.26,8.76
E05013817,Lavender Fields,666,11562,1.2143431032936443,9521.2,57.6,34.8,6.48,41.78,47.69,13.15,19.85
E05013818,Longthornton,676,11831,1.5255145640801109,7755.42,57.14,30.19,5.8,39.19,45.54,15.17,16.85
E05013819,Lower Morden,507,11501,2.4779226011087894,4641.39,44.08,24.83,4.28,34.51,29.11,10.83,14.12
E05013820,Merton Park,539,8295,1.7083173657346307,4855.66,64.98,24.0,4.33,57.66,40.08,7.54,10.35
E05013821,Pollards Hill,706,11871,2.126135797921934,5583.37,59.47,28.17,7.2,34.21,41.56,19.57,21.15
E05013822,Ravensbury,562,9480,1.6009744157638222,5921.39,59.28,28.93,6.31,35.69,41.32,15.02,21.81
E05013823,Raynes Park,608,12245,1.8622458731114886,6575.39,49.65,31.02,4.03,61.6,38.92,8.64,10.76
E05013824,St Helier,801,11126,1.401163943025539,7940.54,71.99,30.87,5.82,37.42,42.15,14.61,21.41
E05013825,Village,557,11482,6.652880229904095,1725.87,48.51,19.5,3.31,67.49,36.31,6.9,6.78
E05013826,Wandle,445,6281,0.8129172588647061,7726.49,70.85,40.5,4.25,58.28,37.22,9.92,14.67
E05013827,West Barnes,672,10494,1.9451552115763144,5394.94,64.04,26.2,4.15,51.63,37.77,8.8,11.17
E05013828,Wimbledon Park,567,11066,2.020033423508529,5478.13,51.24,31.52,3.96,65.63,34.19,9.66,9.94
E05013829,Wimbledon Town & Dundonald,1012,12681,1.4527113848323485,8729.19,79.8,33.1,3.96,70.72,38.69,5.79,7.64
E05013882,Cann Hall,1168,16077,1.0003268879232354,16071.75,72.65,35.72,7.65,40.18,47.45,17.16,26.15
E05013883,Cathall,818,10537,0.8922318842413698,11809.71,77.63,39.9,7.13,40.89,49.32,15.65,24.69
E05013884,Chapel End,1039,14056,1.6307772847343296,8619.2,73.92,31.03,5.77,45.76,37.06,15.4,17.06
E05013885,Chingford Green,743,11561,3.826631176348774,3021.2,64.27,23.49,5.03,36.74,20.62,11.37,17.86
E05013886,Endlebury,453,8934,1.63841786181577,5452.82,50.71,24.56,5.51,34.86,23.75,13.48,18.1
E05013887,Forest,1387,16552,2.151277133299907,7694.03,83.8,32.35,6.74,41.41,41.96,14.2,24.29
E05013888,Grove Green,914,14823,0.8987695154404003,16492.55,61.66,41.62,5.94,49.38,47.39,10.92,17.81
E05013889,Hale End & Highams Park South,574,9439,1.8073681924180884,5222.51,60.81,27.8,6.37,42.35,26.12,15.36,17.41
E05013890,Hatch Lane & Highams Park North,771,13202,2.727854719114026,4839.7,58.4,25.37,6.19,36.12,23.1,14.79,20.46
E05013891,High Street,1932,10782,0.8201671107943613,13146.1,179.19,39.54,6.62,50.18,44.07,12.36,20.91
E05013892,Higham Hill,894,14130,3.033165240095193,4658.5,63.27,33.13,7.63,40.45,39.02,18.59,25.13
E05013893,Hoe Street,1117,14235,1.069525668607627,13309.64,78.47,36.64,7.95,49.15,39.71,13.04,23.14
E05013894,Larkswood,750,13397,2.1653832922819474,6186.9,55.98,27.91,6.05,35.23,31.08,14.2,21.75
E05013895,Lea Bridge,1390,15106,2.493808901303653,6057.4,92.02,36.64,7.46,41.51,48.26,14.57,22.38
E05013896,Leyton,1382,13788,1.96730042329769,7008.59,100.23,37.27,7.61,41.43,46.1,16.2,24.07
E05013897,Leytonstone,1140,12345,1.3188125602755114,9360.69,92.35,38.25,5.73,51.53,40.59,10.96,16.86
E05013898,Markhouse,763,10124,0.7522686606151296,13457.96,75.37,36.85,7.25,44.03,43.65,13.58,22.75
E05013899,St James,864,12510,3.103317424443225,4031.17,69.06,42.54,4.88,53.61,41.16,12.09,16.71
E05013900,Upper Walthamstow,518,8399,1.663080046184488,5050.27,61.67,30.15,6.81,45.78,34.12,15.44,19.76
E05013901,Valley,1781,14309,2.2151904746046327,6459.49,124.47,27.24,6.83,31.47,33.51,15.83,21.33
E05013902,William Morris,923,14655,0.9480571604539303,15457.93,62.98,34.94,5.87,50.43,40.26,13.67,18.25
E05013903,Wood Street,772,9482,0.6971392474505673,13601.3,81.42,32.97,7.08,48.13,36.98,15.91,21.8
E05013904,Beckton,2263,15293,5.324367688831182,2872.27,147.98,34.76,7.85,38.28,52.37,18.38,25.56
E05013905,Boleyn,936,15580,0.7630018781366811,20419.35,60.08,33.97,8.13,36.19,52.86,12.88,26.72
E05013906,Canning Town North,1497,10637,1.8562654858110026,5730.32,140.74,41.09,9.82,40.63,50.98,18.22,27.08
E05013907,Canning Town South,785,7067,0.6623256261131197,10669.98,111.08,49.02,6.57,51.92,53.23,15.42,21.92
E05013908,Custom House,1200,17726,1.560676742822231,11357.89,67.7,35.54,8.18,36.93,49.47,20.66,26.99
E05013909,East Ham,2197,15037,0.9817731700805994,15316.17,146.11,31.53,8.33,34.61,59.01,12.1,29.95
E05013910,East Ham South,1201,18047,1.847258586287695,9769.61,66.55,29.83,7.91,32.77,48.68,17.65,27.77
E05013911,Forest Gate North,766,10804,0.8070662687907463,13386.76,70.9,34.45,8.47,41.78,47.03,15.76,22.92
E05013912,Forest Gate South,1565,17375,1.230175865443382,14124.0,90.07,36.62,9.16,39.16,52.93,13.75,27.24
E05013913,Green Street East,1115,16794,0.7757350807805676,21649.14,66.39,34.57,7.58,34.12,58.61,11.25,30.13
E05013914,Green Street West,1363,15892,0.8080649008388742,19666.74,85.77,36.81,9.44,34.05,57.67,11.57,31.09
E05013915,Little Ilford,1140,18098,1.9696528732736773,9188.42,62.99,30.65,7.88,31.16,54.56,17.78,30.53
E05013916,Manor Park,1164,15762,1.3395231688221316,11766.87,73.85,32.47,8.02,33.0,55.4,14.88,28.82
E05013917,Maryland,1095,12743,0.9352489963197514,13625.25,85.93,39.81,7.81,40.82,54.32,15.27,24.64
E05013918,Plaistow North,1475,17668,0.990778689169688,17832.44,83.48,33.91,7.84,35.36,53.16,14.25,30.01
E05013919,Plaistow South,1495,13435,1.1636203981152489,11545.86,111.28,32.12,7.61,35.21,52.8,16.21,25.76
E05013920,Plaistow West & Canning Town East,1403,16880,1.232961881083108,13690.61,83.12,33.98,8.68,33.72,50.29,20.63,29.47
E05013921,Plashet,906,11614,0.6945750735489209,16721.01,78.01,35.61,7.94,34.35,56.4,11.75,31.43
E05013922,Royal Albert,1094,10159,2.644586376656694,3841.43,107.69,42.74,7.41,46.24,51.35,17.09,20.33
E05013923,Royal Victoria,1000,14542,2.079756657515397,6992.16,68.77,61.27,4.74,68.58,58.31,7.42,8.45
E05013924,Stratford,2933,15743,1.9444898672205662,8096.21,186.31,56.49,6.56,57.42,55.71,11.22,16.41
E05013925,Stratford Olympic Park,3403,11854,1.827614312456465,6486.05,287.08,64.07,4.0,69.87,47.95,8.99,9.14
E05013926,Wall End,981,16595,1.416862999531994,11712.49,59.11,32.28,7.48,33.69,60.01,12.49,27.71
E05013927,West Ham,1107,15706,1.3393232009401463,11726.82,70.48,38.04,7.96,38.55,52.59,16.4,26.14
E05013928,Alexandra,324,5821,1.2929437898998484,4502.13,55.66,23.93,4.18,49.12,28.88,8.39,10.15
E05013929,Berrylands,224,6436,1.2230745470038327,5262.15,34.8,25.31,3.48,58.11,24.62,5.63,11.84
E05013930,Canbury Gardens,444,7943,0.7755310654176343,10242.01,55.9,27.08,5.17,65.18,39.45,9.7,10.53
E05013931,Chessington South & Malden Rushett,424,9805,7.470139657019421,1312.56,43.24,26.95,3.87,34.32,21.04,11.88,14.46
E05013932,Coombe Hill,512,7457,4.193310286144801,1778.31,68.66,24.19,4.76,58.78,46.9,8.9,9.25
E05013933,Coombe Vale,384,10323,1.68087643720115,6141.44,37.2,21.91,4.28,57.69,37.69,8.96,10.64
E05013934,Green Lane & St James,297,6819,1.329671553113819,5128.33,43.55,25.11,5.6,45.67,37.02,12.39,18.59
E05013935,Hook & Chessington North,475,10742,2.034279529195138,5280.49,44.22,24.91,4.14,32.85,22.05,11.72,15.6
E05013936,King George's & Sunray,351,5780,2.357315759678992,2451.94,60.73,25.78,4.98,36.29,32.43,12.79,13.54
E05013937,Kingston Gate,493,10972,1.0814442725359035,10145.69,44.93,27.25,4.15,61.55,33.27,10.63,12.08
E05013938,Kingston Town,3610,10352,1.4947561585688431,6925.54,348.72,43.34,4.76,54.74,38.14,7.78,14.15
E05013939,Motspur Park & Old Malden East,241,7023,1.5447634855361483,4546.33,34.32,22.6,4.11,46.58,33.78,7.7,11.09
E05013940,New Malden Village,721,9908,1.675289920772764,5914.2,72.77,24.78,4.64,54.1,39.6,9.13,13.75
E05013941,Norbiton,708,11111,1.351842993637105,8219.15,63.72,33.85,6.52,45.92,39.44,14.6,20.29
E05013942,Old Malden,308,6645,1.7139915697635428,3876.92,46.35,22.92,5.2,44.18,33.59,9.46,14.45
E05013943,St Mark's & Seething Wells,732,11813,1.8243087101339732,6475.33,61.97,41.33,3.67,62.12,34.26,6.05,10.4
E05013944,Surbiton Hill,510,10813,1.664063907625058,6497.95,47.17,34.85,4.68,57.2,32.51,7.65,14.04
E05013945,Tolworth,703,11078,1.4170041572699072,7817.9,63.46,27.5,4.73,46.73,32.18,11.68,14.57
E05013946,Tudor,192,7194,1.1545444765109867,6231.03,26.69,15.35,4.36,58.45,33.02,9.47,9.67
E05013967,Beam Park,572,5240,2.039875874449547,2568.78,109.16,31.47,7.43,30.78,28.16,19.96,23.88
E05013968,Cranham,356,12965,5.279610935549357,2455.67,27.46,21.04,3.49,29.27,9.26,10.01,13.08
E05013969,Elm Park,830,16434,4.111319716279929,3997.26,50.51,26.02,5.18,27.8,19.23,13.29,19.27
E05013970,Emerson Park,334,9196,3.526463534917018,2607.71,36.32,22.43,3.9,33.2,18.04,7.91,14.25
E05013971,Gooshays,1396,17391,7.780928690805025,2235.08,80.27,27.58,6.67,26.7,21.17,18.33,27.49
E05013972,Hacton,254,9088,1.8138314735311307,5010.39,27.95,24.67,4.19,26.11,12.12,8.99,14.29
E05013973,Harold Wood,994,13952,9.096559960871618,1533.77,71.24,29.98,4.32,34.09,18.3,10.29,14.67
E05013974,Havering-atte-Bower,1060,16289,10.86215589665949,1499.61,65.07,25.76,6.25,24.69,17.89,17.44,20.06
E05013975,Heaton,2040,17602,3.2430983545955057,5427.53,115.9,27.26,5.98,27.08,24.93,18.87,28.07
E05013976,Hylands & Harrow Lodge,919,14193,2.955700246629361,4801.91,64.75,24.68,4.34,28.2,15.79,10.31,16.48
E05013977,Marshalls & Rise Park,748,13069,3.954639598788141,3304.73,57.23,22.82,3.98,30.27,17.73,8.25,14.7
E05013978,Mawneys,756,14525,3.01130833719543,4823.48,52.05,25.92,5.29,26.32,18.82,14.41,19.05
E05013979,Rainham & Wennington,1015,13571,16.650203912622697,815.07,74.79,26.8,5.64,25.31,20.71,13.91,20.27
E05013980,Rush Green & Crowlands,1133,15802,3.7648703753499926,4197.22,71.7,33.28,6.25,35.78,33.05,16.17,18.39
E05013981,St Alban's,873,8244,1.0908029787451583,7557.74,105.9,32.8,5.13,35.32,30.81,14.94,19.07
E05013982,St Andrew's,918,14256,2.8625199456144332,4980.23,64.39,25.09,4.31,27.47,13.03,10.69,16.35
E05013983,St Edward's,3064,10656,1.8164796438669721,5866.29,287.54,32.59,5.23,37.1,27.74,12.32,18.04
E05013984,South Hornchurch,682,10533,2.9533885591330806,3566.41,64.75,26.55,6.09,25.33,21.81,14.48,18.96
E05013985,Squirrels Heath,923,15704,2.995516046624949,5242.5,58.77,27.17,4.48,33.39,17.03,10.89,14.13
E05013986,Upminster,768,13341,22.518996008238595,592.43,57.57,19.63,3.11,31.42,8.19,7.32,10.73
E05013987,Beckenham Town & Copers Cope,1018,16055,3.0061956963410372,5340.64,63.41,30.28,4.95,54.01,28.14,8.55,10.8
E05013988,Bickley & Sundridge,724,17815,6.452130748877392,2761.1,40.64,21.38,3.94,48.9,20.21,9.13,10.06
E05013989,Biggin Hill,556,10919,8.664536392648701,1260.19,50.92,21.67,3.31,26.57,6.45,10.64,12.3
E05013990,Bromley Common & Holwood,1169,18958,6.996210150852336,2709.75,61.66,25.15,4.56,38.48,18.25,13.53,15.93
E05013991,Bromley Town,3473,15826,3.3376288499454554,4741.69,219.45,32.05,4.54,52.5,32.22,9.12,12.0
E05013992,Chelsfield,312,11520,9.020867822480595,1277.04,27.08,20.51,3.5,42.43,18.27,8.52,11.74
E05013993,Chislehurst,796,15542,10.051194386182233,1546.28,51.22,21.01,4.23,45.44,16.34,8.67,10.97
E05013994,Clock House,846,17118,2.435373635191406,7028.9,49.42,27.04,4.6,51.12,21.49,10.96,13.03
E05013995,Crystal Palace & Anerley,1082,12073,2.019109890742319,5979.37,89.62,36.66,6.54,51.61,32.19,16.0,19.0
E05013996,Darwin,259,5504,33.64411285125692,163.59,47.06,17.78,3.28,31.05,8.45,9.41,13.19
E05013997,Farnborough & Crofton,756,17781,5.532759014629194,3213.77,42.52,19.36,4.09,39.63,16.38,9.46,12.53
E05013998,Hayes & Coney Hall,636,15770,11.842449283267023,1331.65,40.33,18.11,4.03,38.21,11.69,8.29,10.54
E05013999,Kelsey & Eden Park,1287,15468,4.960210893695749,3118.42,83.2,20.1,4.93,42.72,17.89,10.64,12.22
E05014000,Mottingham,853,11512,2.9991499874317435,3838.42,74.1,25.92,6.42,34.88,23.59,17.11,21.42
E05014001,Orpington,1067,12269,3.298689678578382,3719.36,86.97,23.23,5.05,38.68,21.27,11.83,15.6
E05014002,Penge & Cator,1839,19089,3.0610759555223153,6236.04,96.34,30.55,6.14,49.75,28.08,15.28,18.33
E05014003,Petts Wood & Knoll,623,16860,4.800615912250226,3512.05,36.95,20.59,3.46,45.72,17.64,7.31,9.35
E05014004,Plaistow,746,12829,2.2447827212717346,5715.03,58.15,25.65,5.1,43.99,24.33,14.03,14.93
E05014005,Shortlands & Park Langley,621,16680,4.550507510031323,3665.53,37.23,23.19,3.92,51.19,22.51,8.38,9.11
E05014006,St Mary Cray,1558,18657,8.828872733348085,2113.18,83.51,25.81,4.93,31.57,19.42,15.12,20.17
E05014007,St Paul's Cray,1732,16971,8.646617991143438,1962.73,102.06,26.06,6.17,29.13,19.03,18.41,26.43
E05014008,West Wickham,555,14768,3.7364150386036497,3952.45,37.58,18.39,3.35,39.91,13.48,8.57,10.67
E05014009,Balham,1456,17474,1.4469556270515622,12076.39,83.32,47.52,3.29,73.26,30.57,7.13,10.17
E05014010,Battersea Park,1530,18949,1.7977480037730815,10540.41,80.74,40.66,6.01,57.0,46.94,13.74,16.61
E05014011,East Putney,942,17162,1.6636001866949688,10316.18,54.89,43.63,3.88,68.74,42.1,6.68,10.85
E05014012,Falconbrook,1103,12055,0.8490110482841419,14198.87,91.5,45.19,6.87,52.26,45.09,18.89,24.21
E05014013,Furzedown,1186,17749,1.5638243737987028,11349.74,66.82,33.37,6.14,50.75,38.84,13.73,19.05
E05014014,Lavender,1315,12576,0.7907989864242733,15902.9,104.56,55.47,3.11,75.33,35.06,5.48,8.56
E05014015,Nine Elms,391,5466,0.8121718879674338,6730.1,71.53,59.8,4.82,73.04,56.15,7.41,6.56
E05014016,Northcote,590,13340,1.4273251952345187,9346.15,44.23,30.09,2.83,74.23,31.62,6.34,7.05
E05014017,Roehampton,1571,19141,4.113958784552666,4652.7,82.08,34.1,6.87,40.2,44.57,18.92,24.66
E05014018,St Mary's,915,14295,0.964199727616121,14825.77,64.01,48.7,4.23,67.64,43.49,8.55,10.23
E05014019,Shaftesbury & Queenstown,1135,15771,1.430412531015899,11025.49,71.97,45.82,5.63,56.72,36.48,13.85,18.91
E05014020,South Balham,675,10115,1.525130424126976,6632.22,66.73,47.12,4.03,70.13,28.2,7.02,13.12
E05014021,Southfields,446,12546,1.146472967623276,10943.13,35.55,37.98,3.67,69.88,32.79,6.68,8.53
E05014022,Thamesfield,1411,16320,1.5880534966431479,10276.73,86.46,41.5,3.54,73.36,34.44,6.35,7.62
E05014023,Tooting Bec,964,17001,1.1448747067190461,14849.66,56.7,45.03,4.22,60.99,37.21,11.8,15.9
E05014024,Tooting Broadway,2552,17311,1.6180305999052762,10698.81,147.42,48.93,4.43,57.45,41.24,11.35,17.42
E05014025,Trinity,540,10905,0.9957894659505095,10951.11,49.52,43.94,3.92,70.96,29.06,6.81,11.1
E05014026,Wandle,701,10891,0.8198034379088266,13284.89,64.37,45.33,4.61,63.46,32.2,9.06,12.67
E05014027,Wandsworth Common,1246,16605,2.8165022229531798,5895.61,75.04,41.2,4.18,62.84,29.04,7.91,10.61
E05014028,Wandsworth Town,1674,18072,1.5617736060587548,11571.46,92.63,50.13,4.14,66.76,35.93,9.01,12.19
E05014029,West Hill,747,16814,1.6764829062529545,10029.33,44.43,34.08,6.39,53.8,45.17,13.51,16.38
E05014030,West Putney,935,16949,2.517810814537158,6731.64,55.17,33.59,4.9,59.0,38.67,10.33,14.72
E05014053,Abbey,1465,3965,0.46238229378439216,8575.16,369.48,42.24,6.99,48.8,65.72,11.03,19.73
E05014054,Alibon,748,9890,1.4432424930752212,6852.63,75.63,29.23,6.97,31.18,39.82,20.6,23.8
E05014055,Barking Riverside,1074,10060,4.428038488052327,2271.89,106.76,33.07,7.26,43.73,43.87,21.23,19.84
E05014056,Beam,890,8355,2.7579057281065236,3029.47,106.52,26.98,7.59,31.32,43.58,21.61,22.96
E05014057,Becontree,666,9790,0.9168536477533641,10677.82,68.03,27.85,8.2,30.39,40.53,18.3,27.86
E05014058,Chadwell Heath,1151,13827,3.5352945827140054,3911.13,83.24,28.13,7.73,32.08,36.69,18.8,26.01
E05014059,Eastbrook & Rush Green,550,8745,3.356468054483192,2605.42,62.89,28.58,6.74,30.24,29.18,15.27,22.58
E05014060,Eastbury,1356,15729,2.126051358315868,7398.22,86.21,28.98,8.0,31.89,42.25,19.23,27.47
E05014061,Gascoigne,941,10714,0.9214638767697344,11627.15,87.83,32.64,7.34,40.31,50.14,21.55,23.07
E05014062,Goresbrook,1356,13693,1.6134931696589816,8486.56,99.03,27.32,7.59,29.16,37.56,22.28,28.17
E05014063,Heath,991,9119,1.0821535544141963,8426.72,108.67,29.15,6.97,32.63,36.34,22.19,26.6
E05014064,Longbridge,1008,13294,1.6607562348262883,8004.79,75.82,31.14,6.03,34.69,39.64,11.33,22.55
E05014065,Mayesbrook,1085,15619,1.670548948585949,9349.62,69.47,30.19,7.01,32.76,41.95,20.99,26.36
E05014066,Northbury,1657,13187,0.9833231649043961,13410.65,125.65,34.29,9.02,37.52,55.59,15.99,25.17
E05014067,Parsloes,1144,15165,2.150037659591913,7053.36,75.44,28.0,7.93,29.03,37.91,19.6,29.38
E05014068,Thames View,593,5649,1.5438914252380922,3658.94,104.97,29.55,8.6,33.44,42.73,20.27,27.38
E05014069,Valence,1172,15242,1.5042548977426624,10132.59,76.89,26.95,6.85,28.18,36.26,20.48,28.54
E05014070,Village,1233,12648,2.245698054404233,5632.1,97.49,29.05,8.06,31.96,37.71,19.61,26.67
E05014071,Whalebone,1128,14198,1.7026796917297935,8338.62,79.45,31.11,5.86,36.77,43.12,17.25,19.38
E05014072,Abbey Wood,1482,17421,2.721746574084568,6400.67,85.07,28.89,7.78,36.84,39.81,20.63,24.75
E05014073,Blackheath Westcombe,951,14965,2.661644845307812,5622.46,63.55,28.08,4.55,62.93,27.88,9.18,14.32
E05014074,Charlton Hornfair,759,12551,1.3623835395967703,9212.53,60.47,30.61,6.45,47.77,34.27,16.31,20.58
E05014075,Charlton Village & Riverside,1078,10299,2.1618947494082077,4763.88,104.67,30.95,7.46,42.41,34.82,15.12,23.89
E05014076,East Greenwich,1291,14424,1.1293789763833069,12771.62,89.5,43.68,4.94,62.69,37.98,11.8,14.02
E05014077,Eltham Page,666,9947,1.5344455527235252,6482.47,66.95,27.6,7.19,32.95,28.78,18.02,26.55
E05014078,Eltham Park & Progress,487,10445,2.5634288550543998,4074.62,46.63,23.87,4.97,40.89,20.15,11.34,15.58
E05014079,Eltham Town & Avery Hill,1618,15532,5.244280770533736,2961.7,104.17,27.95,5.64,38.69,24.67,10.8,18.72
E05014080,Greenwich Creekside,1045,11213,0.48840746683340397,22958.29,93.2,50.83,4.97,60.5,44.14,14.39,13.26
E05014081,Greenwich Park,1293,10353,2.028257020944453,5104.38,124.89,40.24,4.82,61.92,36.34,9.24,13.44
E05014082,Greenwich Peninsula,1966,11481,2.2682133065096672,5061.69,171.24,56.19,4.58,67.79,50.96,11.08,9.83
E05014083,Kidbrooke Park,722,10153,1.8149849655232264,5593.99,71.11,29.22,6.47,41.75,34.12,14.36,20.93
E05014084,Kidbrooke Village & Sutcliffe,439,5941,1.288769802128171,4609.82,73.89,42.1,5.66,58.98,43.21,10.01,13.58
E05014085,Middle Park & Horn Park,869,9749,2.201242403044711,4428.86,89.14,26.3,6.72,34.41,28.39,20.18,27.72
E05014086,"Mottingham, Coldharbour & New Eltham",850,14512,2.7725371169636217,5234.2,58.57,26.19,6.11,35.28,23.15,12.98,19.71
E05014087,Plumstead & Glyndon,1893,21781,1.7862477492400712,12193.72,86.91,32.01,8.33,34.9,50.71,17.52,26.99
E05014088,Plumstead Common,1130,15622,2.4392504074284247,6404.43,72.33,27.39,6.6,37.64,33.48,17.78,21.61
E05014089,Shooters Hill,938,11878,2.514718377939319,4723.39,78.97,27.83,8.25,43.88,37.96,15.08,19.67
E05014090,Thamesmead Moorings,1264,12392,2.235283621002201,5543.82,102.0,24.84,9.33,39.6,42.66,22.19,23.93
E05014091,West Thamesmead,1064,11801,2.0557994303625984,5740.35,90.16,35.65,10.41,41.06,44.67,19.62,20.53
E05014092,Woolwich Arsenal,2335,12221,0.9888091669798486,12359.31,191.06,50.62,6.18,59.42,51.45,10.48,13.87
E05014093,Woolwich Common,1383,13069,2.0574465900861365,6352.05,105.82,36.05,8.4,39.19,44.26,18.94,24.7
E05014094,Woolwich Dockyard,887,11384,0.9772047035982921,11649.56,77.92,32.37,8.9,38.72,45.44,20.47,26.25
E05014095,Brixton Acre Lane,1894,15266,1.0577348795131536,14432.73,124.07,55.74,5.23,63.45,33.17,10.51,15.78
E05014096,Brixton North,1806,16210,0.9090195966293705,17832.4,111.41,42.46,8.24,46.17,45.22,19.17,24.57
E05014097,Brixton Rush Common,1130,14611,0.9804301727080743,14902.64,77.34,41.25,6.77,56.65,38.4,16.37,19.29
E05014098,Brixton Windrush,2442,9898,0.6220398554795274,15912.16,246.72,48.37,6.43,56.59,38.0,15.12,21.54
E05014099,Clapham Common & Abbeville,736,10062,1.0763888847970444,9347.92,73.15,49.81,3.72,73.79,31.13,7.02,10.71
E05014100,Clapham East,1218,9929,0.6280230159833701,15809.93,122.67,55.5,4.81,62.8,36.13,12.96,17.05
E05014101,Clapham Park,803,13220,0.9355344759765848,14130.96,60.74,45.1,6.38,53.91,41.69,14.38,17.46
E05014102,Clapham Town,2092,15506,1.244846075124176,12456.16,134.92,50.12,4.34,65.89,34.97,10.13,13.54
E05014103,Gipsy Hill,809,10726,1.0485202443495256,10229.65,75.42,32.22,7.12,49.65,29.94,18.85,22.41
E05014104,Herne Hill & Loughborough Junction,1722,15973,2.0728930994315187,7705.66,107.81,40.78,5.66,60.86,33.31,13.04,17.95
E05014105,Kennington,1149,15041,1.0165998846086306,14795.4,76.39,38.42,7.53,54.28,39.91,16.75,20.57
E05014106,Knight's Hill,1368,16524,1.6566126440536815,9974.57,82.79,30.27,7.58,48.58,34.04,18.27,21.09
E05014107,Myatt's Fields,919,11081,0.8194681172645004,13522.19,82.93,40.98,8.09,50.13,38.94,18.67,23.39
E05014108,Oval,964,12172,0.7895867924722781,15415.66,79.2,46.83,6.22,57.36,43.26,12.95,20.15
E05014109,St Martin's,804,10380,0.862589709675439,12033.53,77.46,36.42,6.26,48.49,38.76,20.19,20.83
E05014110,Stockwell East,916,10372,0.640816861031463,16185.59,88.31,47.64,6.96,58.55,40.68,13.74,19.32
E05014111,Stockwell West & Larkhall,1206,16573,0.9587572434649398,17285.92,72.77,42.34,7.4,50.15,45.17,18.24,20.36
E05014112,Streatham Common & Vale,1099,17343,1.9422494737775853,8929.34,63.37,33.86,6.59,45.95,43.4,14.18,17.68
E05014113,Streatham Hill East,690,10217,0.8402424463796816,12159.59,67.53,38.83,6.65,54.34,38.1,15.8,19.83
E05014114,Streatham Hill West & Thornton,683,10591,0.9157307696088964,11565.63,64.49,44.12,4.58,68.03,31.43,9.56,11.96
E05014115,Streatham St Leonard's,1610,16038,1.4676868653922925,10927.4,100.39,41.0,5.76,55.56,40.19,11.36,17.95
E05014116,Streatham Wells,630,9871,0.9498853163875638,10391.78,63.82,39.25,6.15,55.98,38.37,12.66,15.35
E05014117,Vauxhall,1749,9638,0.6824088331697776,14123.5,181.47,52.2,5.76,61.43,52.44,10.21,14.13
E05014118,Waterloo & South Bank,4027,8881,1.1866438594165838,7484.13,453.44,47.02,6.35,55.11,50.56,9.77,15.82
E05014119,West Dulwich,814,11537,1.4846700717980537,7770.75,70.56,31.84,4.51,61.61,27.71,14.03,14.51
